{"x": -0.028906644271249803, "y": -0.000506487186629616, "z": -0.0021325281470160125}